 [
    {
        "name": "Alice Smith",
        "phoneNumber": "123-456-7890",
        "profileImg": "AS",
        "id": 1
        
    },
    {
        "name": "Bob Johnson",
        "phoneNumber": "987-654-3210",
        "profileImg": "BJ",
        "id": 2
    },
    {
        "name": "Charlie Brown",
        "phoneNumber": "555-123-4567",
        "profileImg": "CB",
        "id": 3
    },
    {
        "name": "David Wilson",
        "phoneNumber": "444-567-8901",
        "profileImg": "DW",
        "id": 4
    },
    {
        "name": "Alice Wonder",
        "phoneNumber": "123-456-7899",
        "profileImg": "AW",
        "id": 5
    },
    {
        "name": "Cassio Zen",
        "phoneNumber": "123-456-7990",
        "profileImg": "CZ",
        "id": 6
    },
    {
        "name": "Dan Abramov",
        "phoneNumber": "123-456-7800",
        "profileImg": "DA",
        "id": 7
    },
    {
        "name": "Alice Doe",
        "phoneNumber": "123-456-9890",
        "profileImg": "AD",
        "id": 8
    },
    {
        "name": "John Smith",
        "phoneNumber": "123-459-7890",
        "profileImg": "JS",
        "id": 9
    },
    {
        "name": "John Doe",
        "phoneNumber": "173-456-7890",
        "profileImg": "JD",
        "id": 10
    },
    {
        "name": "John Stone",
        "phoneNumber": "113-456-7890",
        "profileImg": "JS",
        "id": 11
    }
]